;x, Dmed, D90, D84, D50, D16, sigma, rhos, thickness
Dmed 0.0141
D90 0.02791
D84 0.02278
D50 0.00754
D16 0.00169
sigma 3.7347
rhos 2.65